session_id,target_item_id,target_rank,retrieved
9,2294,-1,False
34,1923,-1,False
35,1371,-1,False
63,2959,-1,False
64,1345,-1,False
65,2746,-1,False
67,3088,-1,False
79,296,-1,False
91,553,-1,False
92,2012,-1,False
93,442,-1,False
94,355,-1,False
95,1994,-1,False
96,1310,-1,False
97,494,-1,False
98,2311,-1,False
111,1242,-1,False
124,3005,-1,False
158,260,-1,False
164,3510,-1,False
165,3826,-1,False
166,3317,-1,False
173,1215,-1,False
193,1103,-1,False
194,3334,-1,False
196,2858,-1,False
197,3578,-1,False
198,1225,-1,False
200,2762,-1,False
209,1556,-1,False
216,317,-1,False
217,1028,-1,False
226,788,-1,False
227,3646,-1,False
231,539,-1,False
232,1957,-1,False
243,2917,-1,False
245,3100,-1,False
246,1835,-1,False
247,3497,-1,False
248,1258,-1,False
249,292,-1,False
250,3157,-1,False
251,3274,-1,False
252,1352,-1,False
266,2657,-1,False
269,1682,-1,False
271,1407,-1,False
272,3252,-1,False
273,1366,-1,False
274,1441,-1,False
275,79,-1,False
276,1748,-1,False
277,117,-1,False
278,2571,-1,False
279,356,-1,False
280,2759,-1,False
291,2010,-1,False
292,435,-1,False
367,2041,-1,False
368,628,-1,False
369,3070,-1,False
371,3827,-1,False
372,45,-1,False
373,3006,-1,False
374,3901,-1,False
375,1500,-1,False
383,3683,-1,False
384,185,-1,False
385,1162,-1,False
386,1221,-1,False
387,2019,-1,False
393,1918,-1,False
395,552,-1,False
396,1274,-1,False
397,2974,-1,False
398,1489,-1,False
399,1126,-1,False
411,3755,-1,False
427,1204,-1,False
430,1086,-1,False
431,1221,-1,False
433,431,-1,False
434,1204,-1,False
435,183,-1,False
436,2488,-1,False
437,3615,-1,False
438,3745,-1,False
439,1104,-1,False
440,3852,-1,False
441,2937,-1,False
442,1233,-1,False
443,1938,-1,False
444,1699,-1,False
445,2046,-1,False
446,2457,-1,False
447,456,-1,False
448,2028,-1,False
449,3192,-1,False
451,2003,-1,False
452,2952,-1,False
453,2725,-1,False
462,47,-1,False
477,1304,-1,False
478,2679,-1,False
479,1907,-1,False
487,508,-1,False
489,1399,-1,False
490,3633,-1,False
491,2918,-1,False
493,1307,-1,False
494,858,-1,False
495,1278,-1,False
496,3535,-1,False
497,2248,-1,False
499,3914,-1,False
500,1162,-1,False
609,3546,-1,False
646,2828,-1,False
669,300,-1,False
670,3484,-1,False
672,3079,-1,False
673,1885,-1,False
699,2020,-1,False
700,1401,-1,False
701,1392,-1,False
702,3851,-1,False
703,2088,-1,False
704,2959,-1,False
705,1286,-1,False
706,2920,-1,False
707,157,-1,False
708,3830,-1,False
709,2897,-1,False
710,1834,-1,False
724,2628,-1,False
725,2324,-1,False
727,337,-1,False
728,293,-1,False
729,318,-1,False
730,58,-1,False
745,1073,-1,False
749,2580,-1,False
773,1704,-1,False
797,2399,-1,False
814,3552,-1,False
815,3301,-1,False
834,1711,-1,False
892,3384,-1,False
941,3564,-1,False
942,3821,-1,False
943,2019,-1,False
944,1784,-1,False
945,1845,-1,False
946,2762,-1,False
947,1661,-1,False
948,2384,-1,False
950,2844,-1,False
951,1921,-1,False
952,2912,-1,False
955,1302,-1,False
956,517,-1,False
962,1269,-1,False
963,3928,-1,False
977,3698,-1,False
1067,474,-1,False
1068,222,-1,False
1069,2013,-1,False
1072,3844,-1,False
1095,3709,-1,False
1096,2505,-1,False
1103,648,-1,False
1104,3624,-1,False
1105,1527,-1,False
1106,3785,-1,False
1107,3514,-1,False
1123,1888,-1,False
1148,1807,-1,False
1149,1057,-1,False
1152,1610,-1,False
1154,73,-1,False
1155,3512,-1,False
1161,3308,-1,False
1187,3565,-1,False
1189,1246,-1,False
1201,1234,-1,False
1202,378,-1,False
1203,1695,-1,False
1246,2857,-1,False
1251,1211,-1,False
1252,1073,-1,False
1361,3897,-1,False
1362,1682,-1,False
1363,3268,-1,False
1366,162,-1,False
1367,361,-1,False
1368,1721,-1,False
1370,1259,-1,False
1424,2395,-1,False
1425,784,-1,False
1426,1245,-1,False
1427,2826,-1,False
1428,663,-1,False
1429,537,-1,False
1430,658,-1,False
1431,1589,-1,False
1433,2949,-1,False
1434,733,-1,False
1435,3552,-1,False
1436,420,-1,False
1437,20,-1,False
1438,3933,-1,False
1451,2042,-1,False
1455,2959,-1,False
1468,2807,-1,False
1469,750,-1,False
1495,318,-1,False
1497,1210,-1,False
1515,1104,-1,False
1516,3555,-1,False
1517,923,-1,False
1524,908,-1,False
1526,1569,-1,False
1552,3915,-1,False
1553,199,-1,False
1554,1200,-1,False
1555,2585,-1,False
1556,2186,-1,False
1557,1014,-1,False
1558,1279,-1,False
1559,2611,-1,False
1560,1635,-1,False
1561,296,-1,False
1562,22,-1,False
1563,901,-1,False
1564,943,-1,False
1565,3083,-1,False
1566,3799,-1,False
1567,838,-1,False
1568,3355,-1,False
1569,3018,-1,False
1570,3608,-1,False
1571,475,-1,False
1572,2243,-1,False
1575,3740,-1,False
1604,32,-1,False
1605,3797,-1,False
1606,1526,-1,False
1607,1717,-1,False
1608,1595,-1,False
1610,3824,-1,False
1611,1073,-1,False
1612,3238,-1,False
1613,3895,-1,False
1614,1972,-1,False
1615,2153,-1,False
1616,2546,-1,False
1617,2616,-1,False
1618,2154,-1,False
1619,3616,-1,False
1620,2702,-1,False
1621,1422,-1,False
1632,354,-1,False
1662,110,-1,False
1669,2971,-1,False
1670,589,-1,False
1698,3809,-1,False
1702,1089,-1,False
1703,1381,-1,False
1704,2412,-1,False
1709,1276,-1,False
1746,3252,-1,False
1747,2106,-1,False
1749,3623,-1,False
1753,3911,-1,False
1776,3162,-1,False
1777,3246,-1,False
1778,2349,-1,False
1779,3826,-1,False
1781,32,-1,False
1786,1086,-1,False
1787,2624,-1,False
1800,1219,-1,False
1801,920,-1,False
1803,2401,-1,False
1804,2231,-1,False
1805,3623,-1,False
1806,2706,-1,False
1807,3062,-1,False
1808,509,-1,False
1809,2245,-1,False
1810,1295,-1,False
1811,3568,-1,False
1812,2019,-1,False
1813,3498,-1,False
1814,50,-1,False
1815,3703,-1,False
1816,2858,-1,False
1817,3795,-1,False
1818,1089,-1,False
1819,3362,-1,False
1820,1017,-1,False
1821,1393,-1,False
1822,1302,-1,False
1823,2542,-1,False
1824,3196,-1,False
1825,3671,-1,False
1826,1964,-1,False
1827,3634,-1,False
1828,1245,-1,False
1829,1719,-1,False
1830,1485,-1,False
1836,1199,-1,False
1842,379,-1,False
1847,239,-1,False
1848,1197,-1,False
1855,1014,-1,False
1856,240,-1,False
1857,2802,-1,False
1859,2018,-1,False
1860,3799,-1,False
1861,788,-1,False
1862,1489,-1,False
1863,3270,-1,False
1864,2019,-1,False
1865,590,-1,False
1866,839,-1,False
1868,300,-1,False
1869,3317,-1,False
1870,265,-1,False
1873,1900,-1,False
1874,1912,-1,False
1875,2497,-1,False
1901,2986,-1,False
1903,3791,-1,False
1915,1245,-1,False
1917,344,-1,False
1918,2903,-1,False
1922,2966,-1,False
1941,3949,-1,False
1942,3908,-1,False
1943,3150,-1,False
1954,3897,-1,False
1955,1032,-1,False
1958,3564,-1,False
1959,2789,-1,False
1960,3409,-1,False
1961,502,-1,False
1962,3949,-1,False
1963,3300,-1,False
1964,3555,-1,False
1965,3950,-1,False
1974,1917,-1,False
1975,3206,-1,False
2015,342,-1,False
2086,2028,-1,False
2087,2942,-1,False
2088,450,-1,False
2089,3753,-1,False
2090,3895,-1,False
2093,3105,-1,False
2094,2805,-1,False
2095,3893,-1,False
2097,1203,-1,False
2099,1580,-1,False
2101,3948,-1,False
2102,1041,-1,False
2103,2539,-1,False
2104,25,-1,False
2105,1179,-1,False
2106,1084,-1,False
2123,1213,-1,False
2153,2060,-1,False
2154,3354,-1,False
2243,2126,-1,False
2244,62,-1,False
2251,2862,-1,False
2262,3535,-1,False
2264,1739,-1,False
2265,1721,-1,False
2266,3798,-1,False
2267,1275,-1,False
2268,3512,-1,False
2269,29,-1,False
2270,2019,-1,False
2271,3000,-1,False
2272,3359,-1,False
2273,110,-1,False
2274,2085,-1,False
2275,1019,-1,False
2293,3752,-1,False
2302,1200,-1,False
2304,1081,-1,False
2308,3089,-1,False
2309,1591,-1,False
2310,673,-1,False
2311,2918,-1,False
2339,1580,-1,False
2348,2412,-1,False
2349,3751,-1,False
2351,1395,-1,False
2352,1217,-1,False
2353,1090,-1,False
2354,3100,-1,False
2355,1938,-1,False
2356,1772,-1,False
2358,1275,-1,False
2364,653,-1,False
2374,2396,-1,False
2375,2571,-1,False
2377,356,-1,False
2380,1965,-1,False
2381,2150,-1,False
2404,1527,-1,False
2405,2917,-1,False
2475,1394,-1,False
2478,2967,-1,False
2479,3327,-1,False
2499,3793,-1,False
2503,3863,-1,False
2504,759,-1,False
2505,2912,-1,False
2506,2248,-1,False
2509,3745,-1,False
2515,1623,-1,False
2516,1037,-1,False
2517,2976,-1,False
2518,1073,-1,False
2519,2161,-1,False
2520,2628,-1,False
2521,1653,-1,False
2522,899,-1,False
2534,185,-1,False
2535,3864,-1,False
2539,201,-1,False
2540,912,-1,False
2545,1917,-1,False
2547,1580,-1,False
2548,1996,-1,False
2561,1572,-1,False
2562,3396,-1,False
2563,2986,-1,False
2565,3264,-1,False
2566,1676,-1,False
2573,3797,-1,False
2574,1385,-1,False
2575,1911,-1,False
2576,2312,-1,False
2577,3615,-1,False
2578,1047,-1,False
2580,1735,-1,False
2581,2706,-1,False
2582,3316,-1,False
2585,32,-1,False
2586,3325,-1,False
2588,1617,-1,False
2591,1499,-1,False
2592,1361,-1,False
2593,3263,-1,False
2594,3471,-1,False
2595,1994,-1,False
2596,1263,-1,False
2597,185,-1,False
2598,72,-1,False
2600,1247,-1,False
2606,1307,-1,False
2607,3153,-1,False
2608,2728,-1,False
2609,1208,-1,False
2610,383,-1,False
2611,1772,-1,False
2612,2018,-1,False
2613,593,-1,False
2615,2944,-1,False
2616,923,-1,False
2617,3598,-1,False
2619,2993,-1,False
2620,2432,-1,False
2621,2180,-1,False
2622,1283,-1,False
2623,3341,-1,False
2624,1201,-1,False
2625,2761,-1,False
2626,2779,-1,False
2627,599,-1,False
2628,2641,-1,False
2652,247,-1,False
2655,3354,-1,False
2657,3175,-1,False
2659,1197,-1,False
2660,1032,-1,False
2661,1758,-1,False
2662,3528,-1,False
2663,1245,-1,False
2670,70,-1,False
2671,555,-1,False
2672,3755,-1,False
2673,2020,-1,False
2714,3515,-1,False
2733,3925,-1,False
2750,1941,-1,False
2751,85,-1,False
2752,3785,-1,False
2753,3095,-1,False
2768,866,-1,False
2772,1597,-1,False
2773,3793,-1,False
2774,2144,-1,False
2775,2278,-1,False
2776,160,-1,False
2777,2338,-1,False
2803,2408,-1,False
2804,788,-1,False
2805,15,-1,False
2806,490,-1,False
2807,1453,-1,False
2808,2161,-1,False
2809,3821,-1,False
2810,3853,-1,False
2814,953,-1,False
2815,3481,-1,False
2816,919,-1,False
2817,515,-1,False
2818,1961,-1,False
2819,261,-1,False
2820,2442,-1,False
2821,1300,-1,False
2822,1682,-1,False
2823,2012,-1,False
2824,2599,-1,False
2864,2633,-1,False
2865,1197,-1,False
2872,112,-1,False
2873,1909,-1,False
2874,3514,-1,False
2875,3824,-1,False
2876,2609,-1,False
2877,3902,-1,False
2878,3317,-1,False
2885,2762,-1,False
2889,875,-1,False
2890,1909,-1,False
2891,3751,-1,False
2892,3755,-1,False
2893,3481,-1,False
2894,3617,-1,False
2895,1594,-1,False
2896,1752,-1,False
2897,3911,-1,False
2898,3182,-1,False
2899,2928,-1,False
2900,2396,-1,False
2901,2712,-1,False
2902,2005,-1,False
2904,367,-1,False
2966,302,-1,False
2970,1069,-1,False
2971,3598,-1,False
2972,3570,-1,False
2982,1247,-1,False
2995,3564,-1,False
3054,380,-1,False
3083,3452,-1,False
3084,1214,-1,False
3097,2791,-1,False
3143,2568,-1,False
3144,3754,-1,False
3145,2890,-1,False
3146,594,-1,False
3147,3553,-1,False
3148,2671,-1,False
3149,2857,-1,False
3150,1500,-1,False
3151,1620,-1,False
3152,879,-1,False
3153,2202,-1,False
3154,2167,-1,False
3155,27,-1,False
3156,277,-1,False
3157,1334,-1,False
3158,903,-1,False
3159,2560,-1,False
3160,2805,-1,False
3162,3793,-1,False
3163,361,-1,False
3164,1343,-1,False
3165,899,-1,False
3166,2502,-1,False
3167,1945,-1,False
3168,1290,-1,False
3169,223,-1,False
3170,1735,-1,False
3171,2231,-1,False
3172,1342,-1,False
3173,2660,-1,False
3174,1267,-1,False
3175,930,-1,False
3176,60,-1,False
3177,986,-1,False
3178,480,-1,False
3179,165,-1,False
3180,2023,-1,False
3181,432,-1,False
3182,2201,-1,False
3183,926,-1,False
3184,3256,-1,False
3185,62,-1,False
3186,1213,-1,False
3187,2005,-1,False
3188,1799,-1,False
3189,592,-1,False
3190,3072,-1,False
3191,3468,-1,False
3192,3801,-1,False
3193,3264,-1,False
3194,2203,-1,False
3195,2245,-1,False
3196,1066,-1,False
3197,3414,-1,False
3198,1254,-1,False
3199,3752,-1,False
3200,94,-1,False
3201,915,-1,False
3202,1206,-1,False
3203,2243,-1,False
3204,2312,-1,False
3205,1359,-1,False
3206,1357,-1,False
3207,2524,-1,False
3208,587,-1,False
3209,1398,-1,False
3210,288,-1,False
3211,3244,-1,False
3212,2633,-1,False
3213,8,-1,False
3214,1926,-1,False
3215,1095,-1,False
3216,1281,-1,False
3217,1655,-1,False
3218,1648,-1,False
3219,374,-1,False
3220,2971,-1,False
3221,1954,-1,False
3222,2084,-1,False
3223,2797,-1,False
3224,1701,-1,False
3225,852,-1,False
3226,590,-1,False
3227,2059,-1,False
3228,2889,-1,False
3229,3371,-1,False
3230,2696,-1,False
3231,3213,-1,False
3232,455,-1,False
3233,1993,-1,False
3234,161,-1,False
3235,163,-1,False
3236,2390,-1,False
3237,1069,-1,False
3238,1608,-1,False
3239,1683,-1,False
3240,552,-1,False
3241,543,-1,False
3242,102,-1,False
3243,1974,-1,False
3244,585,-1,False
3245,2919,-1,False
3246,419,-1,False
3247,742,-1,False
3248,2334,-1,False
3249,3051,-1,False
3250,174,-1,False
3251,3516,-1,False
3252,3565,-1,False
3253,307,-1,False
3254,542,-1,False
3255,3334,-1,False
3256,710,-1,False
3257,1249,-1,False
3258,2794,-1,False
3259,272,-1,False
3260,381,-1,False
3261,414,-1,False
3262,2702,-1,False
3263,101,-1,False
3264,349,-1,False
3265,3210,-1,False
3266,2448,-1,False
3267,3034,-1,False
3268,3125,-1,False
3269,3050,-1,False
3270,2683,-1,False
3271,1077,-1,False
3272,3675,-1,False
3273,1089,-1,False
3274,2094,-1,False
3275,1413,-1,False
3276,1226,-1,False
3277,1769,-1,False
3278,3598,-1,False
3279,2687,-1,False
3280,3275,-1,False
3282,944,-1,False
3283,2943,-1,False
3284,2769,-1,False
3285,1020,-1,False
3286,471,-1,False
3287,2115,-1,False
3288,3743,-1,False
3289,2076,-1,False
3290,2596,-1,False
3291,656,-1,False
3292,616,-1,False
3293,2852,-1,False
3294,2107,-1,False
3295,3543,-1,False
3296,1186,-1,False
3306,3897,-1,False
3307,466,-1,False
3308,1230,-1,False
3310,419,-1,False
3336,2395,-1,False
3338,1584,-1,False
3339,3032,-1,False
3340,2707,-1,False
3341,2861,-1,False
3342,3481,-1,False
3353,3328,-1,False
3354,1909,-1,False
3355,3173,-1,False
3356,1884,-1,False
3357,532,-1,False
3358,3454,-1,False
3359,3090,-1,False
3361,3616,-1,False
3362,1208,-1,False
3363,1280,-1,False
3364,3182,-1,False
3365,3317,-1,False
3367,778,-1,False
3368,1594,-1,False
3369,3683,-1,False
3370,260,-1,False
3371,2764,-1,False
3372,2542,-1,False
3373,3006,-1,False
3374,2791,-1,False
3375,3470,-1,False
3376,2997,-1,False
3377,3629,-1,False
3378,1193,-1,False
3379,1281,-1,False
3380,3267,-1,False
3381,1221,-1,False
3386,3300,-1,False
3387,3535,-1,False
3388,3683,-1,False
3389,3844,-1,False
3390,594,-1,False
3391,2890,-1,False
3392,2431,-1,False
3393,546,-1,False
3396,2399,-1,False
3397,277,-1,False
3398,1284,-1,False
3400,1948,-1,False
3401,940,-1,False
3402,922,-1,False
3403,454,-1,False
3404,2961,-1,False
3405,2088,-1,False
3406,3163,-1,False
3407,1126,-1,False
3408,3479,-1,False
3409,2761,-1,False
3410,3451,-1,False
3411,2395,-1,False
3412,2617,-1,False
3413,1760,-1,False
3459,3182,-1,False
3460,950,-1,False
3495,3773,-1,False
3496,3481,-1,False
3512,788,-1,False
3513,3753,-1,False
3514,1997,-1,False
3515,337,-1,False
3516,1073,-1,False
3517,2115,-1,False
3518,1207,-1,False
3519,3578,-1,False
3522,262,-1,False
3530,1091,-1,False
3531,1097,-1,False
3532,3755,-1,False
3543,160,-1,False
3570,1729,-1,False
3572,111,-1,False
3573,2600,-1,False
3574,233,-1,False
3577,3000,-1,False
3578,3176,-1,False
3579,2519,-1,False
3580,2747,-1,False
3581,253,-1,False
3582,1509,-1,False
3586,2953,-1,False
3589,1276,-1,False
3591,3593,-1,False
3601,3489,-1,False
3607,3596,-1,False
3608,923,-1,False
3609,2160,-1,False
3610,2460,-1,False
3611,301,-1,False
3612,3505,-1,False
3613,3524,-1,False
3614,3507,-1,False
3615,521,-1,False
3616,2164,-1,False
3617,3923,-1,False
3618,180,-1,False
3619,3328,-1,False
3620,190,-1,False
3621,1466,-1,False
3622,522,-1,False
3636,2392,-1,False
3646,3484,-1,False
3648,2108,-1,False
3651,246,-1,False
3652,296,-1,False
3672,1093,-1,False
3673,3793,-1,False
3720,339,-1,False
3723,2468,-1,False
3724,1097,-1,False
3725,2785,-1,False
3727,1983,-1,False
3751,1913,-1,False
3752,3198,-1,False
3753,2929,-1,False
3754,1221,-1,False
3755,691,-1,False
3756,319,-1,False
3757,3060,-1,False
3758,3143,-1,False
3759,805,-1,False
3760,1099,-1,False
3761,3408,-1,False
3762,587,-1,False
3763,3083,-1,False
3764,599,-1,False
3765,2571,-1,False
3766,1831,-1,False
3767,3861,-1,False
3769,3114,-1,False
3770,1382,-1,False
3771,1661,-1,False
3772,3618,-1,False
3773,913,-1,False
3779,2794,-1,False
3795,3916,-1,False
3799,17,-1,False
3800,1254,-1,False
3801,1464,-1,False
3802,1909,-1,False
3803,2701,-1,False
3804,2561,-1,False
3805,337,-1,False
3806,2725,-1,False
3812,1060,-1,False
3813,1769,-1,False
3819,1200,-1,False
3822,52,-1,False
3854,187,-1,False
3855,803,-1,False
3856,2064,-1,False
3857,1389,-1,False
3858,3537,-1,False
3859,2455,-1,False
3860,2968,-1,False
3975,2396,-1,False
3976,1161,-1,False
3977,3925,-1,False
3978,1220,-1,False
3979,1275,-1,False
3987,1252,-1,False
3988,707,-1,False
3990,1237,-1,False
3992,3751,-1,False
3993,2398,-1,False
3994,3176,-1,False
3995,3507,-1,False
3996,2824,-1,False
3997,3364,-1,False
3998,3900,-1,False
3999,3897,-1,False
4000,1251,-1,False
4001,3742,-1,False
4002,272,-1,False
4003,3910,-1,False
4004,1244,-1,False
4005,3888,-1,False
4006,2081,-1,False
4007,3552,-1,False
4008,720,-1,False
4009,3096,-1,False
4010,3456,-1,False
4011,2819,-1,False
4012,2550,-1,False
4013,1859,-1,False
4014,755,-1,False
4015,3532,-1,False
4016,2905,-1,False
4017,670,-1,False
4021,1834,-1,False
4022,2193,-1,False
4041,3927,-1,False
4042,2023,-1,False
4043,2022,-1,False
4044,1231,-1,False
4045,1984,-1,False
4046,2047,-1,False
4047,1924,-1,False
4049,3300,-1,False
4050,1619,-1,False
4051,2408,-1,False
4052,1996,-1,False
4053,3181,-1,False
4054,3192,-1,False
4146,1240,-1,False
4190,3753,-1,False
4191,3952,-1,False
4192,497,-1,False
4215,1748,-1,False
4216,2369,-1,False
4288,1080,-1,False
4301,1088,-1,False
4302,3510,-1,False
4303,1947,-1,False
4308,1996,-1,False
4310,3565,-1,False
4311,3175,-1,False
4312,1721,-1,False
4349,2355,-1,False
4360,427,-1,False
4361,1964,-1,False
4362,1307,-1,False
4363,3040,-1,False
4364,104,-1,False
4365,1412,-1,False
4366,1498,-1,False
4367,3554,-1,False
4368,3357,-1,False
4369,111,-1,False
4373,551,-1,False
4380,48,-1,False
4381,923,-1,False
4382,1445,-1,False
4383,1777,-1,False
4384,1597,-1,False
4385,3189,-1,False
4386,3545,-1,False
4387,1231,-1,False
4388,1730,-1,False
4390,3893,-1,False
4391,1254,-1,False
4392,1758,-1,False
4412,3781,-1,False
4447,1206,-1,False
4448,551,-1,False
4460,1225,-1,False
4479,1205,-1,False
4481,3948,-1,False
4482,3186,-1,False
4483,1015,-1,False
4484,1879,-1,False
4485,3902,-1,False
4486,1527,-1,False
4487,2018,-1,False
4491,1717,-1,False
4492,2764,-1,False
4493,3534,-1,False
4603,2456,-1,False
4605,1214,-1,False
4606,551,-1,False
4609,260,-1,False
4610,2799,-1,False
4611,2634,-1,False
4614,3448,-1,False
4615,1704,-1,False
4616,969,-1,False
4618,541,-1,False
4619,1544,-1,False
4620,3354,-1,False
4627,350,-1,False
4628,2153,-1,False
4629,2820,-1,False
4630,3513,-1,False
4631,1022,-1,False
4632,2381,-1,False
4633,1363,-1,False
4634,1396,-1,False
4635,1367,-1,False
4636,663,-1,False
4637,1077,-1,False
4638,2761,-1,False
4639,168,-1,False
4641,2995,-1,False
4642,3317,-1,False
4643,3176,-1,False
4644,1393,-1,False
4645,2391,-1,False
4646,1255,-1,False
4647,3114,-1,False
4648,427,-1,False
4649,2116,-1,False
4727,3893,-1,False
4728,2761,-1,False
4748,405,-1,False
4749,1928,-1,False
4750,2735,-1,False
4751,288,-1,False
4752,1302,-1,False
4753,2861,-1,False
4754,3916,-1,False
4755,2676,-1,False
4787,3751,-1,False
4788,435,-1,False
4791,2965,-1,False
4817,3624,-1,False
4818,2701,-1,False
4819,455,-1,False
4820,2291,-1,False
4876,930,-1,False
4912,1968,-1,False
4913,1377,-1,False
4926,3565,-1,False
4927,2686,-1,False
4938,1961,-1,False
4941,2946,-1,False
5001,543,-1,False
5003,778,-1,False
5056,15,-1,False
5061,2028,-1,False
5063,1734,-1,False
5108,2171,-1,False
5110,3920,-1,False
5228,515,-1,False
5229,2600,-1,False
5268,1136,-1,False
5269,2694,-1,False
5270,380,-1,False
5278,3452,-1,False
5280,1207,-1,False
5281,2046,-1,False
5288,2759,-1,False
5289,541,-1,False
5293,3863,-1,False
5294,1653,-1,False
5296,63,-1,False
5297,2716,-1,False
5339,2028,-1,False
5343,21,-1,False
5344,2421,-1,False
5346,2726,-1,False
5348,3287,-1,False
5349,3511,-1,False
5350,648,-1,False
5351,3463,-1,False
5352,2359,-1,False
5353,2383,-1,False
5354,3827,-1,False
5355,1219,-1,False
5356,2299,-1,False
5357,3877,-1,False
5358,1391,-1,False
5387,2976,-1,False
5388,3948,-1,False
5389,2303,-1,False
5402,1176,-1,False
5406,515,-1,False
5445,2712,-1,False
5465,2020,-1,False
5466,3438,-1,False
5468,804,-1,False
5469,3506,-1,False
5521,1735,-1,False
5524,3785,-1,False
5525,2908,-1,False
5526,2496,-1,False
5527,3916,-1,False
5528,858,-1,False
5529,3556,-1,False
5530,3552,-1,False
5531,527,-1,False
5532,3704,-1,False
5533,1212,-1,False
5534,3386,-1,False
5535,3509,-1,False
5536,2504,-1,False
5537,1340,-1,False
5538,2827,-1,False
5539,851,-1,False
5540,2594,-1,False
5541,1732,-1,False
5542,1093,-1,False
5543,1073,-1,False
5556,2716,-1,False
5557,1201,-1,False
5558,3914,-1,False
5561,1183,-1,False
5723,553,-1,False
5724,2985,-1,False
5731,1090,-1,False
5732,1275,-1,False
5733,3357,-1,False
5828,2580,-1,False
5831,3068,-1,False
5832,3879,-1,False
5833,1921,-1,False
5834,2019,-1,False
5835,3593,-1,False
5854,2600,-1,False
5855,1544,-1,False
5856,904,-1,False
5857,3098,-1,False
5866,2735,-1,False
5912,2021,-1,False
5915,2908,-1,False
5978,3192,-1,False
5984,1327,-1,False
5987,3596,-1,False
5988,1089,-1,False
5989,564,-1,False
5990,1373,-1,False
5991,546,-1,False
5992,3484,-1,False
5993,528,-1,False
5994,3593,-1,False
5995,2706,-1,False
5996,93,-1,False
5997,3510,-1,False
5998,3101,-1,False
5999,3646,-1,False
6000,810,-1,False
6001,1212,-1,False
6007,608,-1,False
6008,1591,-1,False
6015,1101,-1,False
6016,852,-1,False
6017,1225,-1,False
6018,692,-1,False
6107,1029,-1,False
6112,1456,-1,False
6113,3181,-1,False
6114,2336,-1,False
6115,2355,-1,False
6116,368,-1,False
6118,3173,-1,False
6119,161,-1,False
6124,1090,-1,False
6127,3570,-1,False
6128,2943,-1,False
6129,144,-1,False
6130,3124,-1,False
6131,3915,-1,False
6132,3319,-1,False
6133,1056,-1,False
6134,1238,-1,False
6136,1035,-1,False
6137,2054,-1,False
6249,2981,-1,False
6251,2028,-1,False
6252,1219,-1,False
6253,3725,-1,False
6255,1992,-1,False
6261,3184,-1,False
6290,2193,-1,False
6295,1646,-1,False
6296,3540,-1,False
6361,2022,-1,False
6363,3067,-1,False
6365,1095,-1,False
6366,112,-1,False
6367,1220,-1,False
6368,2160,-1,False
6369,1835,-1,False
6381,3911,-1,False
6382,3923,-1,False
6383,3793,-1,False
6384,2028,-1,False
6385,3501,-1,False
6386,3684,-1,False
6387,1997,-1,False
6388,3821,-1,False
6389,3912,-1,False
6390,3865,-1,False
6393,1956,-1,False
6394,1235,-1,False
6395,1278,-1,False
6396,2617,-1,False
6397,3114,-1,False
6400,3863,-1,False
6402,3186,-1,False
6403,2721,-1,False
6404,3865,-1,False
6405,3624,-1,False
6406,3851,-1,False
6443,524,-1,False
6444,1296,-1,False
6445,3241,-1,False
6450,2333,-1,False
6452,176,-1,False
6453,3686,-1,False
6454,2799,-1,False
6455,3566,-1,False
6456,3894,-1,False
6457,3745,-1,False
6458,3785,-1,False
6459,3897,-1,False
6464,1997,-1,False
6488,3241,-1,False
6489,529,-1,False
6490,784,-1,False
6491,2275,-1,False
6493,1027,-1,False
6556,1438,-1,False
6598,3147,-1,False
6599,3916,-1,False
6600,2391,-1,False
6601,3717,-1,False
6602,2496,-1,False
6603,3174,-1,False
6613,3298,-1,False
6640,3751,-1,False
6641,2723,-1,False
6703,3536,-1,False
6714,708,-1,False
6715,1269,-1,False
6716,237,-1,False
6717,1396,-1,False
6718,2739,-1,False
6719,2968,-1,False
6720,1676,-1,False
6721,1957,-1,False
6722,3546,-1,False
6723,1983,-1,False
6724,2236,-1,False
6725,3101,-1,False
6726,223,-1,False
6727,2011,-1,False
6728,468,-1,False
6729,2550,-1,False
6730,553,-1,False
6733,61,-1,False
6749,541,-1,False
6751,2770,-1,False
6752,266,-1,False
6753,1230,-1,False
6754,17,-1,False
6755,2421,-1,False
6756,3535,-1,False
6757,2146,-1,False
6760,858,-1,False
6761,785,-1,False
6762,674,-1,False
6774,2568,-1,False
6775,3793,-1,False
6777,3785,-1,False
6778,3826,-1,False
6779,3882,-1,False
6781,3827,-1,False
6783,562,-1,False
6826,2105,-1,False
6851,2266,-1,False
6861,1977,-1,False
6862,882,-1,False
6863,434,-1,False
6864,160,-1,False
6865,858,-1,False
6866,924,-1,False
6867,3398,-1,False
6868,1221,-1,False
6876,1213,-1,False
6883,2390,-1,False
6925,3510,-1,False
6926,3300,-1,False
6949,2959,-1,False
6950,2908,-1,False
6952,2145,-1,False
6953,2890,-1,False
6954,2485,-1,False
6955,2736,-1,False
6956,1542,-1,False
6957,1902,-1,False
6958,2498,-1,False
6959,491,-1,False
6960,2500,-1,False
6961,2762,-1,False
6962,3185,-1,False
6963,2622,-1,False
6964,1888,-1,False
6965,525,-1,False
6966,485,-1,False
6967,3668,-1,False
6968,835,-1,False
6969,536,-1,False
6970,2558,-1,False
6971,1091,-1,False
6972,3408,-1,False
6973,1457,-1,False
6974,2613,-1,False
6975,219,-1,False
6976,3052,-1,False
6977,1339,-1,False
6978,3708,-1,False
6979,3270,-1,False
6980,1193,-1,False
6981,2844,-1,False
6982,2311,-1,False
6983,2280,-1,False
6984,2188,-1,False
6985,2496,-1,False
6986,3299,-1,False
6988,111,-1,False
6989,2018,-1,False
6990,3858,-1,False
6992,3825,-1,False
6993,2769,-1,False
6994,2540,-1,False
6995,357,-1,False
6996,2268,-1,False
6997,46,-1,False
6998,1199,-1,False
6999,3903,-1,False
7000,3108,-1,False
7001,3900,-1,False
7002,2952,-1,False
7003,3943,-1,False
7004,3745,-1,False
7005,778,-1,False
7006,38,-1,False
7012,3869,-1,False
7017,1676,-1,False
7018,1205,-1,False
7019,3909,-1,False
7020,2011,-1,False
7021,1869,-1,False
7024,368,-1,False
7025,3024,-1,False
7027,355,-1,False
7028,48,-1,False
7029,3617,-1,False
7030,3752,-1,False
7031,2560,-1,False
7032,480,-1,False
7033,912,-1,False
7034,3570,-1,False
7035,3324,-1,False
7036,3078,-1,False
7038,1862,-1,False
7040,2478,-1,False
7041,1997,-1,False
7042,381,-1,False
7043,2799,-1,False
7044,71,-1,False
7045,1556,-1,False
7050,1785,-1,False
7051,1552,-1,False
7052,1573,-1,False
7053,1073,-1,False
7054,3915,-1,False
7055,3646,-1,False
7082,2985,-1,False
7094,3926,-1,False
7116,2791,-1,False
7120,1586,-1,False
7121,2709,-1,False
7123,2354,-1,False
7125,2360,-1,False
7126,79,-1,False
7128,2717,-1,False
7140,1014,-1,False
7141,393,-1,False
7146,3512,-1,False
7147,3328,-1,False
7152,3147,-1,False
7153,3510,-1,False
7204,2268,-1,False
7205,539,-1,False
7218,1784,-1,False
7219,1231,-1,False
7261,2918,-1,False
7266,1019,-1,False
7270,3897,-1,False
7285,3797,-1,False
7300,160,-1,False
7326,1948,-1,False
7378,3763,-1,False
7379,1341,-1,False
7380,1294,-1,False
7383,2787,-1,False
7385,2004,-1,False
7386,3671,-1,False
7387,552,-1,False
7388,2236,-1,False
7389,1449,-1,False
7391,1923,-1,False
7394,3608,-1,False
7411,1201,-1,False
7413,1,-1,False
7414,3256,-1,False
7415,1934,-1,False
7416,3753,-1,False
7417,2006,-1,False
7418,1527,-1,False
7419,150,-1,False
7420,2701,-1,False
7421,3363,-1,False
7422,1203,-1,False
7423,3578,-1,False
7424,2997,-1,False
7425,3536,-1,False
7426,3826,-1,False
7427,2248,-1,False
7428,3744,-1,False
7429,3593,-1,False
7431,3916,-1,False
7432,3326,-1,False
7433,3950,-1,False
7434,3579,-1,False
7435,50,-1,False
7436,2023,-1,False
7437,2332,-1,False
7462,1747,-1,False
7473,3707,-1,False
7474,608,-1,False
7475,1197,-1,False
7505,1544,-1,False
7534,2000,-1,False
7551,318,-1,False
7561,1206,-1,False
7562,1212,-1,False
7563,3864,-1,False
7574,150,-1,False
7575,1772,-1,False
7585,1186,-1,False
7614,168,-1,False
7623,2699,-1,False
7624,2395,-1,False
7625,3566,-1,False
7626,3362,-1,False
7627,3916,-1,False
7628,3826,-1,False
7629,1088,-1,False
7630,1220,-1,False
7631,3949,-1,False
7632,2000,-1,False
7651,2019,-1,False
7659,562,-1,False
7668,1303,-1,False
7669,3159,-1,False
7700,292,-1,False
7701,551,-1,False
7702,1965,-1,False
7704,1101,-1,False
7722,3527,-1,False
7723,2015,-1,False
7738,351,-1,False
7766,3545,-1,False
7778,2172,-1,False
7780,1680,-1,False
7781,3510,-1,False
7782,3948,-1,False
7804,2735,-1,False
7872,1240,-1,False
7886,1019,-1,False
7888,3365,-1,False
7889,1894,-1,False
7890,2730,-1,False
7891,2948,-1,False
7892,3871,-1,False
7893,2728,-1,False
7894,1682,-1,False
7895,1810,-1,False
7896,2617,-1,False
7897,1938,-1,False
7899,2033,-1,False
7947,1214,-1,False
7970,1535,-1,False
7971,3536,-1,False
7972,2642,-1,False
7973,3683,-1,False
7974,2004,-1,False
7975,1084,-1,False
7976,2437,-1,False
7977,1339,-1,False
7978,2406,-1,False
7979,2236,-1,False
7993,2173,-1,False
8023,2793,-1,False
8050,2723,-1,False
8053,1132,-1,False
8054,3160,-1,False
8062,1060,-1,False
8063,1779,-1,False
8068,2033,-1,False
8071,1597,-1,False
8072,3512,-1,False
8073,3703,-1,False
8074,1951,-1,False
8075,405,-1,False
8093,501,-1,False
8128,3871,-1,False
8129,1544,-1,False
8130,3476,-1,False
8131,3157,-1,False
8132,3173,-1,False
8134,3946,-1,False
8136,370,-1,False
8137,2004,-1,False
8138,2311,-1,False
8147,3196,-1,False
8149,3753,-1,False
8151,1257,-1,False
8152,2291,-1,False
8153,3181,-1,False
8155,2302,-1,False
8175,3457,-1,False
8189,1388,-1,False
8234,3624,-1,False
8235,3316,-1,False
8237,3499,-1,False
8239,2861,-1,False
8240,2781,-1,False
8241,2134,-1,False
8242,1388,-1,False
8243,3394,-1,False
8244,3428,-1,False
8267,1090,-1,False
8271,3510,-1,False
8281,3173,-1,False
8304,1883,-1,False
8322,3929,-1,False
8323,1233,-1,False
8324,1912,-1,False
8340,1193,-1,False
8344,909,-1,False
8345,1357,-1,False
8365,371,-1,False
8382,1242,-1,False
8383,17,-1,False
8391,2571,-1,False
8392,2153,-1,False
8394,266,-1,False
8399,1298,-1,False
8400,2384,-1,False
8401,2152,-1,False
8405,541,-1,False
8415,1307,-1,False
8416,2133,-1,False
8417,924,-1,False
8418,1961,-1,False
8429,553,-1,False
8466,2431,-1,False
8478,1909,-1,False
8524,2901,-1,False
8525,3173,-1,False
8526,3408,-1,False
8527,3060,-1,False
8529,477,-1,False
8530,3786,-1,False
8532,3371,-1,False
8534,3706,-1,False
8535,50,-1,False
8536,3543,-1,False
8544,3555,-1,False
8545,2732,-1,False
8547,674,-1,False
8564,1111,-1,False
8565,1036,-1,False
8566,2015,-1,False
8567,2918,-1,False
8571,1366,-1,False
8581,1147,-1,False
8583,3700,-1,False
8584,2571,-1,False
8585,1294,-1,False
8586,1300,-1,False
8587,2985,-1,False
8618,1882,-1,False
8619,3685,-1,False
8620,1240,-1,False
8621,1702,-1,False
8623,2987,-1,False
8624,3565,-1,False
8625,2497,-1,False
8626,3147,-1,False
8627,3864,-1,False
8650,524,-1,False
8653,1060,-1,False
8654,2294,-1,False
8655,1092,-1,False
8656,3756,-1,False
8657,1238,-1,False
8658,3897,-1,False
8659,1247,-1,False
8672,3210,-1,False
8675,111,-1,False
8680,2915,-1,False
8681,2318,-1,False
8682,3424,-1,False
8683,1375,-1,False
8685,1088,-1,False
8686,1938,-1,False
8688,2706,-1,False
8691,1249,-1,False
8698,3897,-1,False
8699,199,-1,False
8700,1225,-1,False
8701,1244,-1,False
8702,3090,-1,False
8703,3160,-1,False
8704,3354,-1,False
8705,2610,-1,False
8706,1095,-1,False
8707,1394,-1,False
8708,556,-1,False
8709,379,-1,False
8710,1428,-1,False
8711,1747,-1,False
8712,3798,-1,False
8713,3246,-1,False
8714,1094,-1,False
8715,538,-1,False
8716,2841,-1,False
8717,1218,-1,False
8718,2194,-1,False
8719,1480,-1,False
8720,3886,-1,False
8721,3298,-1,False
8722,3484,-1,False
8723,3744,-1,False
8724,3859,-1,False
8725,3831,-1,False
8726,849,-1,False
8727,3201,-1,False
8728,82,-1,False
8729,3790,-1,False
8730,2997,-1,False
8731,3852,-1,False
8732,3858,-1,False
8734,3846,-1,False
8803,3161,-1,False
8827,850,-1,False
8828,306,-1,False
8829,1732,-1,False
8832,1025,-1,False
8860,1089,-1,False
8865,2931,-1,False
8878,1556,-1,False
8879,79,-1,False
8880,2450,-1,False
8881,19,-1,False
8882,1393,-1,False
8883,193,-1,False
8884,2021,-1,False
8885,1882,-1,False
8886,2707,-1,False
8887,1591,-1,False
8888,612,-1,False
8889,1644,-1,False
8890,2340,-1,False
8891,662,-1,False
8893,1967,-1,False
8895,1407,-1,False
8896,3148,-1,False
8940,3723,-1,False
8950,2956,-1,False
8951,3052,-1,False
8952,2395,-1,False
8969,531,-1,False
8971,1597,-1,False
9002,1214,-1,False
9003,3005,-1,False
9006,2762,-1,False
9007,610,-1,False
9008,1676,-1,False
9033,3572,-1,False
9037,3408,-1,False
9038,3510,-1,False
9039,3895,-1,False
9046,3100,-1,False
9047,1092,-1,False
9054,1304,-1,False
9072,3672,-1,False
9100,3624,-1,False
9101,2532,-1,False
9148,3181,-1,False
9152,2607,-1,False
9153,3396,-1,False
9154,3359,-1,False
9161,2968,-1,False
9162,3623,-1,False
9163,1244,-1,False
9164,2496,-1,False
9177,1206,-1,False
9178,1992,-1,False
9179,1952,-1,False
9180,1767,-1,False
9181,3362,-1,False
9182,2356,-1,False
9183,1794,-1,False
9184,1912,-1,False
9185,1480,-1,False
9186,573,-1,False
9187,3825,-1,False
9188,909,-1,False
9189,539,-1,False
9190,3317,-1,False
9191,3556,-1,False
9192,3515,-1,False
9193,2607,-1,False
9223,2799,-1,False
9224,3512,-1,False
9245,3408,-1,False
9271,515,-1,False
9272,1244,-1,False
9274,1206,-1,False
9275,508,-1,False
9280,852,-1,False
9282,3705,-1,False
9283,616,-1,False
9285,1670,-1,False
9286,3688,-1,False
9287,3755,-1,False
9288,3786,-1,False
9289,3741,-1,False
9290,3186,-1,False
9291,3616,-1,False
9292,1240,-1,False
9351,1,-1,False
9352,2401,-1,False
9353,356,-1,False
9359,1320,-1,False
9374,3107,-1,False
9375,3408,-1,False
9383,3148,-1,False
9384,104,-1,False
9385,2125,-1,False
9386,1569,-1,False
9387,1601,-1,False
9388,1258,-1,False
9389,2949,-1,False
9390,1385,-1,False
9391,2582,-1,False
9392,288,-1,False
9393,1405,-1,False
9394,2500,-1,False
9395,2548,-1,False
9396,2018,-1,False
9397,328,-1,False
9398,3526,-1,False
9399,3474,-1,False
9400,255,-1,False
9401,3763,-1,False
9402,278,-1,False
9403,500,-1,False
9404,1222,-1,False
9405,2568,-1,False
9406,2478,-1,False
9407,1060,-1,False
9408,3409,-1,False
9409,2366,-1,False
9410,276,-1,False
9411,1701,-1,False
9412,2011,-1,False
9413,3617,-1,False
9414,1093,-1,False
9438,2353,-1,False
9439,3354,-1,False
9440,47,-1,False
9441,266,-1,False
9442,3513,-1,False
9443,3863,-1,False
9444,1405,-1,False
9445,1377,-1,False
9446,912,-1,False
9462,3557,-1,False
9491,3275,-1,False
9492,3827,-1,False
9493,1511,-1,False
9500,3741,-1,False
9516,2291,-1,False
9517,482,-1,False
9522,3146,-1,False
9523,3113,-1,False
9542,1238,-1,False
9543,3238,-1,False
9544,3512,-1,False
9545,951,-1,False
9546,3824,-1,False
9547,3852,-1,False
9548,3827,-1,False
9549,933,-1,False
9566,2762,-1,False
9587,3394,-1,False
9591,1280,-1,False
9592,485,-1,False
9623,541,-1,False
9625,3298,-1,False
9657,10,-1,False
9659,1206,-1,False
9677,3177,-1,False
9678,1258,-1,False
9679,3760,-1,False
9695,2888,-1,False
9696,1801,-1,False
9697,1214,-1,False
9699,908,-1,False
9700,2804,-1,False
9701,3624,-1,False
9726,3398,-1,False
9727,1355,-1,False
9728,3591,-1,False
9729,3948,-1,False
9730,3534,-1,False
9731,2712,-1,False
9732,147,-1,False
9733,1441,-1,False
9734,1617,-1,False
9735,2502,-1,False
9736,3317,-1,False
9737,1729,-1,False
9742,377,-1,False
9743,1962,-1,False
9744,3031,-1,False
9745,3703,-1,False
9746,3364,-1,False
9747,1077,-1,False
9748,1914,-1,False
9749,2346,-1,False
9750,3798,-1,False
9751,3362,-1,False
9752,1678,-1,False
9754,2490,-1,False
9758,3418,-1,False
9775,3273,-1,False
9779,318,-1,False
9780,3931,-1,False
9781,1101,-1,False
9782,2365,-1,False
9783,3324,-1,False
9802,541,-1,False
9803,1060,-1,False
9808,3821,-1,False
9809,737,-1,False
9810,3791,-1,False
9811,2460,-1,False
9812,2985,-1,False
9813,2597,-1,False
9814,2491,-1,False
9815,170,-1,False
9816,1407,-1,False
9825,47,-1,False
9826,2871,-1,False
9836,153,-1,False
9846,2947,-1,False
9847,288,-1,False
9872,270,-1,False
9911,1719,-1,False
9958,3766,-1,False
9959,2406,-1,False
9960,367,-1,False
9982,2901,-1,False
9987,2600,-1,False
10001,3396,-1,False
10002,112,-1,False
10003,50,-1,False
10004,3386,-1,False
10025,357,-1,False
10027,1732,-1,False
10032,1237,-1,False
10033,1307,-1,False
10034,3363,-1,False
10046,1129,-1,False
10047,2300,-1,False
10055,1083,-1,False
10056,2948,-1,False
10057,2944,-1,False
10058,316,-1,False
10065,457,-1,False
10106,2427,-1,False
10110,3785,-1,False
10129,1244,-1,False
10130,2351,-1,False
10131,2731,-1,False
10132,3783,-1,False
10133,326,-1,False
10134,3320,-1,False
10135,3566,-1,False
10136,523,-1,False
10137,1219,-1,False
10139,32,-1,False
10140,1270,-1,False
10142,2324,-1,False
10186,2793,-1,False
10188,1895,-1,False
10208,3033,-1,False
10233,1183,-1,False
10261,1784,-1,False
10263,2140,-1,False
10264,3176,-1,False
10266,2713,-1,False
10274,2193,-1,False
10280,1556,-1,False
10291,3783,-1,False
10292,3567,-1,False
10293,331,-1,False
10302,2640,-1,False
10303,2571,-1,False
10304,393,-1,False
10305,2795,-1,False
10306,150,-1,False
10307,2772,-1,False
10308,3614,-1,False
10309,1722,-1,False
10336,475,-1,False
10337,3524,-1,False
10338,3852,-1,False
10339,1077,-1,False
10348,206,-1,False
10349,3730,-1,False
10350,1250,-1,False
10351,1267,-1,False
10352,1711,-1,False
10353,562,-1,False
10399,2600,-1,False
10405,3578,-1,False
10411,3435,-1,False
10412,3682,-1,False
10420,1246,-1,False
10492,858,-1,False
10493,1257,-1,False
10497,2642,-1,False
10521,3616,-1,False
10522,2458,-1,False
10523,923,-1,False
10524,1234,-1,False
10525,3536,-1,False
10526,3182,-1,False
10542,2340,-1,False
10543,2067,-1,False
10544,3255,-1,False
10545,1250,-1,False
10546,3481,-1,False
10547,3181,-1,False
10548,3814,-1,False
10550,3264,-1,False
10551,3534,-1,False
10552,1500,-1,False
10553,3246,-1,False
10554,154,-1,False
10555,2690,-1,False
10556,541,-1,False
10557,2708,-1,False
10558,1084,-1,False
10559,3435,-1,False
10569,553,-1,False
10570,3301,-1,False
10571,1210,-1,False
10572,3873,-1,False
10574,3898,-1,False
10575,547,-1,False
10576,1207,-1,False
10577,3052,-1,False
10578,3831,-1,False
10581,3033,-1,False
10641,2571,-1,False
10643,2014,-1,False
10644,2003,-1,False
10645,3844,-1,False
10647,260,-1,False
10648,1206,-1,False
10649,2420,-1,False
10650,818,-1,False
10651,1297,-1,False
10652,370,-1,False
10653,2335,-1,False
10654,2759,-1,False
10655,3578,-1,False
10656,1057,-1,False
10657,2119,-1,False
10658,3798,-1,False
10659,594,-1,False
10660,766,-1,False
10661,3751,-1,False
10662,1059,-1,False
10663,3301,-1,False
10664,785,-1,False
10665,256,-1,False
10666,1035,-1,False
10667,471,-1,False
10668,2739,-1,False
10669,3698,-1,False
10670,434,-1,False
10671,1078,-1,False
10678,367,-1,False
10681,2010,-1,False
10682,3099,-1,False
10683,2401,-1,False
10713,3006,-1,False
10734,3160,-1,False
10735,3599,-1,False
10744,2371,-1,False
10770,583,-1,False
10775,2243,-1,False
10776,955,-1,False
10777,1057,-1,False
10778,1333,-1,False
10794,2268,-1,False
10882,3733,-1,False
10884,637,-1,False
10885,204,-1,False
10886,976,-1,False
10887,2692,-1,False
10888,2763,-1,False
10889,3624,-1,False
10890,3793,-1,False
10891,2880,-1,False
10892,1438,-1,False
10893,3863,-1,False
10894,3183,-1,False
10895,3052,-1,False
10896,2009,-1,False
10897,2997,-1,False
10898,180,-1,False
10899,3897,-1,False
10900,1805,-1,False
10901,1907,-1,False
10902,1204,-1,False
10905,1952,-1,False
10909,3893,-1,False
10910,3871,-1,False
10913,3050,-1,False
10914,994,-1,False
10915,597,-1,False
10916,1073,-1,False
10917,1097,-1,False
10919,365,-1,False
10920,998,-1,False
10921,3481,-1,False
10922,3325,-1,False
10923,3509,-1,False
10924,3742,-1,False
10925,1537,-1,False
10926,3538,-1,False
10927,49,-1,False
10928,663,-1,False
10930,3631,-1,False
10931,170,-1,False
10932,1198,-1,False
10933,2357,-1,False
10934,3863,-1,False
10935,2837,-1,False
10936,1041,-1,False
10975,3783,-1,False
10976,2548,-1,False
10977,1234,-1,False
10991,3163,-1,False
10992,3185,-1,False
10993,3952,-1,False
10994,3615,-1,False
11002,3082,-1,False
11018,1245,-1,False
11020,1219,-1,False
11022,1721,-1,False
11056,1387,-1,False
11057,2005,-1,False
11059,1103,-1,False
11061,1257,-1,False
11062,3174,-1,False
11070,2109,-1,False
11071,748,-1,False
11073,2491,-1,False
11074,3706,-1,False
11075,2979,-1,False
11076,3725,-1,False
11077,2542,-1,False
11078,1321,-1,False
11079,1066,-1,False
11080,2982,-1,False
11081,2355,-1,False
11082,3916,-1,False
11083,3512,-1,False
11090,2865,-1,False
11116,1739,-1,False
11117,2115,-1,False
11118,223,-1,False
11119,2006,-1,False
11122,3155,-1,False
11125,3675,-1,False
11177,332,-1,False
11187,1911,-1,False
11188,2985,-1,False
11189,2266,-1,False
11215,1517,-1,False
11216,3178,-1,False
11217,3146,-1,False
11218,3916,-1,False
11219,111,-1,False
11220,1389,-1,False
11221,1779,-1,False
11222,3565,-1,False
11223,3744,-1,False
11224,3824,-1,False
11225,3618,-1,False
11226,3793,-1,False
11227,3597,-1,False
11228,3852,-1,False
11229,1261,-1,False
11241,424,-1,False
11257,2447,-1,False
11258,3698,-1,False
11259,3844,-1,False
11261,2710,-1,False
11262,1648,-1,False
11289,47,-1,False
11341,1968,-1,False
11342,2701,-1,False
11343,1136,-1,False
11344,2502,-1,False
11345,110,-1,False
11366,3688,-1,False
11369,291,-1,False
11377,3068,-1,False
11486,3508,-1,False
11489,2105,-1,False
11498,2002,-1,False
11511,370,-1,False
11513,1760,-1,False
11518,2918,-1,False
11519,367,-1,False
11559,3771,-1,False
11560,3342,-1,False
11578,2918,-1,False
11582,1895,-1,False
11585,3176,-1,False
11596,2686,-1,False
11597,3113,-1,False
11613,3176,-1,False
11614,1676,-1,False
11616,3147,-1,False
11617,492,-1,False
11618,3578,-1,False
11619,2034,-1,False
11628,1956,-1,False
11631,2396,-1,False
11682,1197,-1,False
11684,2996,-1,False
11709,3451,-1,False
11710,3130,-1,False
11711,3813,-1,False
11715,3157,-1,False
11720,1203,-1,False
11725,3156,-1,False
11726,2788,-1,False
11727,3354,-1,False
11729,2410,-1,False
11737,1010,-1,False
11738,379,-1,False
11743,1210,-1,False
11744,1214,-1,False
11801,2289,-1,False
11802,1191,-1,False
11805,2662,-1,False
11820,25,-1,False
11821,1207,-1,False
11822,3751,-1,False
11823,3285,-1,False
11824,3943,-1,False
11825,1657,-1,False
11826,1060,-1,False
11827,2542,-1,False
11843,2395,-1,False
11844,2048,-1,False
11846,3178,-1,False
11847,3827,-1,False
11859,3825,-1,False
11903,377,-1,False
11904,2713,-1,False
11905,3745,-1,False
11906,32,-1,False
11914,3157,-1,False
11921,2628,-1,False
11934,2986,-1,False
11937,2028,-1,False
11965,1234,-1,False
11966,3578,-1,False
11967,1179,-1,False
11987,527,-1,False
11988,2722,-1,False
11989,2641,-1,False
11990,296,-1,False
11992,3273,-1,False
11997,2683,-1,False
12038,316,-1,False
12041,2968,-1,False
12043,3177,-1,False
12065,2943,-1,False
12066,3735,-1,False
12067,1125,-1,False
12068,3112,-1,False
12069,3359,-1,False
12070,2789,-1,False
12071,508,-1,False
12072,1955,-1,False
12075,2806,-1,False
12076,3747,-1,False
12077,3114,-1,False
12079,2424,-1,False
12080,2744,-1,False
12081,969,-1,False
12082,2259,-1,False
12083,316,-1,False
12084,1980,-1,False
12086,3262,-1,False
12087,1590,-1,False
12088,1882,-1,False
12089,2871,-1,False
12090,1237,-1,False
12091,1091,-1,False
12093,3435,-1,False
12094,152,-1,False
12096,2026,-1,False
12097,3925,-1,False
12098,861,-1,False
12099,426,-1,False
12100,3896,-1,False
12101,1327,-1,False
12102,3753,-1,False
12103,29,-1,False
12107,1641,-1,False
12108,165,-1,False
12109,3326,-1,False
12110,3809,-1,False
12111,2296,-1,False
12112,3078,-1,False
12113,986,-1,False
12114,2340,-1,False
12115,3408,-1,False
12123,2643,-1,False
12124,2043,-1,False
12125,1441,-1,False
12136,835,-1,False
12140,1393,-1,False
12174,2393,-1,False
12219,2040,-1,False
12231,2662,-1,False
12243,307,-1,False
12268,2505,-1,False
12275,1136,-1,False
12276,2300,-1,False
12277,3484,-1,False
12316,2987,-1,False
12324,2412,-1,False
12332,247,-1,False
12335,3720,-1,False
12336,3912,-1,False
12345,2969,-1,False
12346,3444,-1,False
12348,1387,-1,False
12351,231,-1,False
12352,3405,-1,False
12353,3752,-1,False
12354,3176,-1,False
12355,1997,-1,False
12356,70,-1,False
12357,2003,-1,False
12359,3173,-1,False
12360,2386,-1,False
12362,1090,-1,False
12363,2335,-1,False
12365,1256,-1,False
12366,1097,-1,False
12373,1389,-1,False
12428,1997,-1,False
12431,1748,-1,False
12445,3717,-1,False
12446,500,-1,False
12447,1304,-1,False
12448,3301,-1,False
12449,1092,-1,False
12472,1223,-1,False
12541,1265,-1,False
12552,1237,-1,False
12553,2146,-1,False
12559,2001,-1,False
12560,517,-1,False
12561,3802,-1,False
12562,3186,-1,False
12563,661,-1,False
12564,1034,-1,False
12565,1266,-1,False
12566,1136,-1,False
12568,3717,-1,False
12570,3063,-1,False
12571,2014,-1,False
12577,2571,-1,False
12580,1021,-1,False
12596,1923,-1,False
12597,2105,-1,False
12598,1206,-1,False
12599,3052,-1,False
12601,3797,-1,False
12602,235,-1,False
12603,1320,-1,False
12607,3729,-1,False
12616,3081,-1,False
12617,954,-1,False
12618,370,-1,False
12619,1215,-1,False
12620,608,-1,False
12621,266,-1,False
12622,3316,-1,False
12623,13,-1,False
12624,1017,-1,False
12625,1205,-1,False
12626,165,-1,False
12627,1396,-1,False
12628,762,-1,False
12629,2137,-1,False
12630,71,-1,False
12631,2716,-1,False
12632,2054,-1,False
12633,3061,-1,False
12634,3608,-1,False
12635,2497,-1,False
12636,504,-1,False
12637,168,-1,False
12638,292,-1,False
12639,3755,-1,False
12643,2406,-1,False
12644,3827,-1,False
12645,2706,-1,False
12646,3267,-1,False
12647,1383,-1,False
12648,1984,-1,False
12649,1544,-1,False
12650,2085,-1,False
12651,193,-1,False
12652,3020,-1,False
12653,2518,-1,False
12654,355,-1,False
12656,1603,-1,False
12657,295,-1,False
12658,2423,-1,False
12659,2162,-1,False
12660,3101,-1,False
12661,2686,-1,False
12662,2746,-1,False
12664,1717,-1,False
12665,1391,-1,False
12666,2701,-1,False
12667,1073,-1,False
12688,1552,-1,False
12689,1019,-1,False
12690,1214,-1,False
12695,1831,-1,False
12724,2799,-1,False
12725,1081,-1,False
12760,474,-1,False
12761,3844,-1,False
12762,908,-1,False
12764,2863,-1,False
12765,381,-1,False
12771,3703,-1,False
12778,3285,-1,False
12783,426,-1,False
12802,3751,-1,False
12814,1084,-1,False
12824,208,-1,False
12825,2524,-1,False
12829,2671,-1,False
12838,3654,-1,False
12839,2371,-1,False
12840,2433,-1,False
12841,1295,-1,False
12851,2759,-1,False
12852,551,-1,False
12854,260,-1,False
12855,988,-1,False
12856,1095,-1,False
12857,592,-1,False
12868,1121,-1,False
12872,3355,-1,False
12874,1376,-1,False
12887,2414,-1,False
12909,1080,-1,False
12941,910,-1,False
12942,505,-1,False
12947,3696,-1,False
13032,2795,-1,False
13038,3767,-1,False
13039,1676,-1,False
13065,3785,-1,False
13066,1094,-1,False
13088,1556,-1,False
13105,780,-1,False
13106,2022,-1,False
13107,2387,-1,False
13108,1562,-1,False
13109,2772,-1,False
13110,3180,-1,False
13111,3176,-1,False
13112,3392,-1,False
13113,924,-1,False
13114,1965,-1,False
13115,3394,-1,False
13116,444,-1,False
13117,2901,-1,False
13118,2011,-1,False
13119,1267,-1,False
13122,2657,-1,False
13123,377,-1,False
13124,2571,-1,False
13146,3827,-1,False
13147,1721,-1,False
13148,1962,-1,False
13149,2346,-1,False
13151,2028,-1,False
13174,153,-1,False
13204,3247,-1,False
13207,904,-1,False
13226,1835,-1,False
13227,2288,-1,False
13228,1378,-1,False
13260,2818,-1,False
13280,3355,-1,False
13281,3619,-1,False
13282,1998,-1,False
13283,2827,-1,False
13284,3187,-1,False
13285,3179,-1,False
13286,2912,-1,False
13287,3326,-1,False
13288,665,-1,False
13289,3000,-1,False
13290,30,-1,False
13291,3182,-1,False
13292,3718,-1,False
13293,3408,-1,False
13294,180,-1,False
13295,3010,-1,False
13296,290,-1,False
13297,1244,-1,False
13325,1094,-1,False
13327,1704,-1,False
13337,3355,-1,False
13341,3735,-1,False
13381,1374,-1,False
13385,1641,-1,False
13390,589,-1,False
13402,442,-1,False
13404,3324,-1,False
13407,3765,-1,False
13408,1977,-1,False
13417,2439,-1,False
13418,3760,-1,False
13419,1237,-1,False
13420,1094,-1,False
13421,2841,-1,False
13422,1625,-1,False
13423,6,-1,False
13424,517,-1,False
13427,2355,-1,False
13428,2502,-1,False
13429,2722,-1,False
13430,1711,-1,False
13431,2280,-1,False
13432,923,-1,False
13433,3155,-1,False
13434,3896,-1,False
13435,3596,-1,False
13436,3566,-1,False
13437,3510,-1,False
13438,3895,-1,False
13439,529,-1,False
13440,2399,-1,False
13441,3499,-1,False
13442,3250,-1,False
13443,3791,-1,False
13444,3032,-1,False
13445,2178,-1,False
13446,3318,-1,False
13447,553,-1,False
13448,3858,-1,False
13449,333,-1,False
13450,2053,-1,False
13451,2437,-1,False
13452,1209,-1,False
13453,3148,-1,False
13454,3897,-1,False
13455,3952,-1,False
13469,163,-1,False
13470,912,-1,False
13471,3812,-1,False
13472,325,-1,False
13473,3148,-1,False
13475,3869,-1,False
13476,1719,-1,False
13477,3301,-1,False
13478,357,-1,False
13500,800,-1,False
13501,164,-1,False
13503,2080,-1,False
13505,923,-1,False
13506,2395,-1,False
13507,97,-1,False
13508,3508,-1,False
13509,538,-1,False
13510,3358,-1,False
13512,2375,-1,False
13513,3285,-1,False
13516,2027,-1,False
13517,3802,-1,False
13542,3484,-1,False
13543,897,-1,False
13547,1387,-1,False
13548,3177,-1,False
13569,2248,-1,False
13570,3889,-1,False
13571,3484,-1,False
13572,2373,-1,False
13573,3571,-1,False
13574,144,-1,False
13575,1265,-1,False
13576,1499,-1,False
13578,546,-1,False
13579,3746,-1,False
13613,3081,-1,False
13641,2781,-1,False
13643,2430,-1,False
13644,1034,-1,False
13688,1300,-1,False
13697,2611,-1,False
13698,1348,-1,False
13700,2010,-1,False
13701,2202,-1,False
13702,3791,-1,False
13707,1205,-1,False
13708,1370,-1,False
13726,3396,-1,False
13727,3804,-1,False
13728,2265,-1,False
13729,193,-1,False
13730,3868,-1,False
13731,2502,-1,False
13732,1249,-1,False
13733,2950,-1,False
13734,2689,-1,False
13736,368,-1,False
13737,1162,-1,False
13738,3024,-1,False
13739,2581,-1,False
13740,1246,-1,False
13741,1030,-1,False
13742,3752,-1,False
13743,3916,-1,False
13745,3138,-1,False
13746,627,-1,False
13747,2844,-1,False
13748,806,-1,False
13751,2791,-1,False
13755,2672,-1,False
13809,2735,-1,False
13810,2065,-1,False
13813,851,-1,False
13844,950,-1,False
13845,602,-1,False
13846,457,-1,False
13847,942,-1,False
13848,3489,-1,False
13849,1356,-1,False
13850,1213,-1,False
13859,3358,-1,False
13863,32,-1,False
13864,1080,-1,False
13878,2571,-1,False
13879,1270,-1,False
13897,3112,-1,False
13898,1296,-1,False
13934,3391,-1,False
13935,368,-1,False
13951,2870,-1,False
13952,1353,-1,False
13965,3639,-1,False
13966,1203,-1,False
14003,1645,-1,False
14008,25,-1,False
14009,3176,-1,False
14010,1278,-1,False
14011,2520,-1,False
14012,3055,-1,False
14013,3765,-1,False
14014,3328,-1,False
14015,3301,-1,False
14016,3539,-1,False
14017,1833,-1,False
14018,3927,-1,False
14019,3162,-1,False
14020,2975,-1,False
14021,640,-1,False
14022,2770,-1,False
14023,3794,-1,False
14024,2692,-1,False
14025,864,-1,False
14026,2715,-1,False
14027,2269,-1,False
14028,1344,-1,False
14029,1617,-1,False
14063,3754,-1,False
14064,3160,-1,False
14065,1018,-1,False
14087,818,-1,False
14088,1884,-1,False
14089,2111,-1,False
14090,1333,-1,False
14091,1358,-1,False
14092,490,-1,False
14094,913,-1,False
14095,2915,-1,False
14096,2797,-1,False
14098,1373,-1,False
14099,1479,-1,False
14100,858,-1,False
14101,368,-1,False
14102,3504,-1,False
14106,2398,-1,False
14107,3043,-1,False
14108,705,-1,False
14109,3481,-1,False
14110,2353,-1,False
14111,2801,-1,False
14112,1635,-1,False
14113,3593,-1,False
14114,3615,-1,False
14115,1827,-1,False
14116,725,-1,False
14117,3117,-1,False
14118,3754,-1,False
14119,11,-1,False
14120,1746,-1,False
14121,1901,-1,False
14122,2841,-1,False
14123,1826,-1,False
14134,1387,-1,False
14135,653,-1,False
14136,3593,-1,False
14141,3281,-1,False
14179,1839,-1,False
14180,423,-1,False
14181,3435,-1,False
14182,3746,-1,False
14183,1207,-1,False
14185,2906,-1,False
14186,3740,-1,False
14187,2028,-1,False
14201,1012,-1,False
14210,3730,-1,False
14211,3809,-1,False
14212,111,-1,False
14213,1380,-1,False
14224,3767,-1,False
14225,861,-1,False
14226,1623,-1,False
14227,2253,-1,False
14228,3703,-1,False
14233,3175,-1,False
14234,2966,-1,False
14236,527,-1,False
14239,3927,-1,False
14245,497,-1,False
14267,2794,-1,False
14268,593,-1,False
14269,260,-1,False
14270,2340,-1,False
14271,1196,-1,False
14272,1958,-1,False
14274,1183,-1,False
14275,3538,-1,False
14276,337,-1,False
14277,1097,-1,False
14278,2252,-1,False
14279,3785,-1,False
14280,3948,-1,False
14299,3738,-1,False
14311,300,-1,False
14335,1240,-1,False
14336,2959,-1,False
14338,1345,-1,False
14339,1219,-1,False
14340,1295,-1,False
14341,2664,-1,False
14342,1397,-1,False
14343,830,-1,False
14344,1657,-1,False
14345,2333,-1,False
14346,1391,-1,False
14347,3005,-1,False
14348,28,-1,False
14349,2608,-1,False
14350,1354,-1,False
14351,2573,-1,False
14352,534,-1,False
14353,1475,-1,False
14354,916,-1,False
14355,307,-1,False
14356,707,-1,False
14357,2964,-1,False
14360,1923,-1,False
14362,345,-1,False
14363,538,-1,False
14364,1173,-1,False
14367,3421,-1,False
14369,3158,-1,False
14370,3298,-1,False
14371,320,-1,False
14372,3826,-1,False
14373,2505,-1,False
14386,3267,-1,False
14393,3334,-1,False
14394,2676,-1,False
14395,3831,-1,False
14396,1097,-1,False
14397,3505,-1,False
14398,1125,-1,False
14399,555,-1,False
14400,1198,-1,False
14401,3101,-1,False
14428,2997,-1,False
14430,2795,-1,False
14432,2348,-1,False
14433,3088,-1,False
14443,426,-1,False
14444,2976,-1,False
14445,193,-1,False
14446,1641,-1,False
14447,3450,-1,False
14503,1296,-1,False
14504,3763,-1,False
14505,2234,-1,False
14506,3602,-1,False
14510,3598,-1,False
14513,368,-1,False
14514,85,-1,False
14515,125,-1,False
14516,3752,-1,False
14675,1124,-1,False
14676,1041,-1,False
14677,2707,-1,False
14698,448,-1,False
14699,1207,-1,False
14703,3146,-1,False
14704,3391,-1,False
14707,3330,-1,False
14708,1186,-1,False
14711,1220,-1,False
14712,928,-1,False
14716,2762,-1,False
14717,3623,-1,False
14718,1277,-1,False
14719,2699,-1,False
14721,3173,-1,False
14722,3897,-1,False
14723,3952,-1,False
14724,3317,-1,False
14726,800,-1,False
14727,2247,-1,False
14728,1175,-1,False
14729,2186,-1,False
14730,3301,-1,False
14731,508,-1,False
14732,32,-1,False
14733,1244,-1,False
14734,3827,-1,False
14735,2729,-1,False
14736,58,-1,False
14737,1089,-1,False
14782,3452,-1,False
14784,3134,-1,False
14807,1079,-1,False
14809,1777,-1,False
14810,2990,-1,False
14811,2269,-1,False
14817,593,-1,False
14818,3513,-1,False
14819,1711,-1,False
14820,608,-1,False
14821,206,-1,False
14822,2501,-1,False
14823,2890,-1,False
14826,2401,-1,False
14827,3089,-1,False
14828,3451,-1,False
14829,1947,-1,False
14831,745,-1,False
14843,2002,-1,False
14844,2918,-1,False
14851,2628,-1,False
14861,552,-1,False
14863,1676,-1,False
14864,3358,-1,False
14865,364,-1,False
14866,2433,-1,False
14867,1213,-1,False
14868,2747,-1,False
14880,1357,-1,False
14881,1964,-1,False
14882,2386,-1,False
14883,2778,-1,False
14884,3724,-1,False
14929,540,-1,False
14930,1248,-1,False
14931,592,-1,False
15019,1674,-1,False
15020,1480,-1,False
15021,3791,-1,False
15036,2019,-1,False
15037,1391,-1,False
15044,1862,-1,False
15045,1285,-1,False
15047,3712,-1,False
15048,3819,-1,False
15049,3844,-1,False
15050,2976,-1,False
15051,3000,-1,False
15052,3501,-1,False
15053,2631,-1,False
15064,2950,-1,False
15069,2973,-1,False
15087,206,-1,False
15088,2959,-1,False
15095,160,-1,False
15096,3499,-1,False
15097,509,-1,False
15098,3703,-1,False
15106,1484,-1,False
15107,178,-1,False
15108,111,-1,False
15109,1262,-1,False
15110,1080,-1,False
15111,1256,-1,False
15112,2642,-1,False
15113,1499,-1,False
15129,3470,-1,False
15130,3488,-1,False
15137,1173,-1,False
15151,3287,-1,False
15152,2600,-1,False
15153,3617,-1,False
15154,193,-1,False
15160,357,-1,False
15175,1252,-1,False
15176,2303,-1,False
15183,3740,-1,False
15185,1081,-1,False
15186,2329,-1,False
15213,2439,-1,False
15215,3527,-1,False
15216,3081,-1,False
15217,3809,-1,False
15218,3316,-1,False
15219,172,-1,False
15220,1923,-1,False
15221,3745,-1,False
15222,1845,-1,False
15242,597,-1,False
15265,2997,-1,False
15266,3168,-1,False
15267,919,-1,False
15270,2362,-1,False
15282,3105,-1,False
15283,2000,-1,False
15284,215,-1,False
15285,1230,-1,False
15286,3566,-1,False
15287,3793,-1,False
15288,293,-1,False
15289,3167,-1,False
15324,1078,-1,False
15325,3082,-1,False
15326,3578,-1,False
15347,2858,-1,False
15348,2617,-1,False
15446,1680,-1,False
15462,3745,-1,False
15463,1670,-1,False
15474,2724,-1,False
15475,1681,-1,False
15478,3095,-1,False
15495,1747,-1,False
15505,3247,-1,False
15507,1300,-1,False
15508,1254,-1,False
15509,1875,-1,False
15514,587,-1,False
15516,3238,-1,False
15518,2544,-1,False
15519,3160,-1,False
15528,3623,-1,False
15531,2716,-1,False
15532,1680,-1,False
15533,3948,-1,False
15534,176,-1,False
15535,1090,-1,False
15536,1676,-1,False
15537,2259,-1,False
15538,2728,-1,False
15541,318,-1,False
15542,3101,-1,False
15551,2145,-1,False
15569,1562,-1,False
15570,3534,-1,False
15571,110,-1,False
15572,3744,-1,False
15573,1541,-1,False
15574,1077,-1,False
15575,3100,-1,False
15576,1265,-1,False
15577,1393,-1,False
15578,2926,-1,False
15588,3146,-1,False
15601,3536,-1,False
15602,3481,-1,False
15603,296,-1,False
15605,3717,-1,False
15606,2719,-1,False
15607,3623,-1,False
15608,3683,-1,False
15609,3452,-1,False
15610,144,-1,False
15612,3354,-1,False
15613,3948,-1,False
15625,266,-1,False
15630,1210,-1,False
15641,110,-1,False
15645,2710,-1,False
15656,3082,-1,False
15657,318,-1,False
15658,3190,-1,False
15659,3181,-1,False
15694,3254,-1,False
15695,1285,-1,False
15696,3661,-1,False
15697,2389,-1,False
15705,2336,-1,False
15706,196,-1,False
15739,3053,-1,False
15740,3000,-1,False
15741,3783,-1,False
15743,3825,-1,False
15744,3578,-1,False
15745,3701,-1,False
15746,1306,-1,False
15747,1544,-1,False
15753,2655,-1,False
15754,3130,-1,False
15755,2763,-1,False
15765,2889,-1,False
15766,1584,-1,False
15767,1187,-1,False
15768,3871,-1,False
15769,2626,-1,False
15772,1374,-1,False
15773,3263,-1,False
15786,3706,-1,False
15787,3365,-1,False
15788,1379,-1,False
15790,2628,-1,False
15791,1206,-1,False
15792,1224,-1,False
15809,2391,-1,False
15826,1946,-1,False
15829,3155,-1,False
15830,3104,-1,False
15831,342,-1,False
15832,3175,-1,False
15833,2081,-1,False
15834,1343,-1,False
15835,3623,-1,False
15836,2609,-1,False
15837,2014,-1,False
15838,2968,-1,False
15839,1254,-1,False
15840,3785,-1,False
15841,3551,-1,False
15842,480,-1,False
15843,1213,-1,False
15844,32,-1,False
15845,1939,-1,False
15846,2617,-1,False
15847,1293,-1,False
15848,2321,-1,False
15851,3753,-1,False
15852,2763,-1,False
15853,3685,-1,False
15854,3725,-1,False
15855,2712,-1,False
15877,3489,-1,False
15878,333,-1,False
15883,1307,-1,False
15886,2028,-1,False
15943,1753,-1,False
15944,2391,-1,False
15945,914,-1,False
15946,3129,-1,False
15947,1552,-1,False
15948,3824,-1,False
15985,3712,-1,False
15988,3263,-1,False
15989,2959,-1,False
15990,72,-1,False
15991,1206,-1,False
15992,1951,-1,False
15993,594,-1,False
15994,2774,-1,False
15995,3693,-1,False
16021,2371,-1,False
16022,2253,-1,False
16023,1345,-1,False
16042,356,-1,False
16043,1208,-1,False
16044,334,-1,False
16106,3325,-1,False
16111,1265,-1,False
16150,3355,-1,False
16154,2966,-1,False
16194,2268,-1,False
16195,2916,-1,False
16196,3565,-1,False
16197,2791,-1,False
16246,2353,-1,False
16287,356,-1,False
16288,908,-1,False
16289,1721,-1,False
16290,3083,-1,False
16291,804,-1,False
16292,3326,-1,False
16332,2943,-1,False
16406,1446,-1,False
16445,3366,-1,False
16446,1953,-1,False
16447,2746,-1,False
16448,2431,-1,False
16492,2970,-1,False
16496,32,-1,False
16497,3868,-1,False
16542,2355,-1,False
16547,1304,-1,False
16582,541,-1,False
16583,3512,-1,False
16586,2706,-1,False
16587,1772,-1,False
16620,322,-1,False
16621,1,-1,False
16622,160,-1,False
16627,1588,-1,False
16628,2582,-1,False
16629,2718,-1,False
16630,1274,-1,False
16631,2995,-1,False
16632,2420,-1,False
16633,436,-1,False
16634,169,-1,False
16635,1218,-1,False
16636,3593,-1,False
16637,473,-1,False
16638,2572,-1,False
16659,3160,-1,False
16660,2006,-1,False
16663,824,-1,False
16665,1508,-1,False
16666,1453,-1,False
16667,3238,-1,False
16674,2759,-1,False
16675,1073,-1,False
16676,2706,-1,False
16682,2953,-1,False
16684,2907,-1,False
16685,858,-1,False
16689,1373,-1,False
16690,3755,-1,False
16691,3751,-1,False
16724,2694,-1,False
16735,1381,-1,False
16736,2028,-1,False
16740,1213,-1,False
16741,3706,-1,False
16742,3437,-1,False
16743,1573,-1,False
16744,2861,-1,False
16745,3717,-1,False
16746,3007,-1,False
16747,3298,-1,False
16748,2731,-1,False
16819,523,-1,False
16820,2657,-1,False
16821,265,-1,False
16833,3520,-1,False
16834,3157,-1,False
16838,161,-1,False
16839,1722,-1,False
16840,3270,-1,False
16841,3477,-1,False
16842,435,-1,False
16843,1721,-1,False
16844,1092,-1,False
16846,1639,-1,False
16859,3082,-1,False
16860,2396,-1,False
16863,2012,-1,False
16866,1097,-1,False
16868,707,-1,False
16870,1513,-1,False
16889,1258,-1,False
16890,262,-1,False
16891,1654,-1,False
16892,1387,-1,False
16898,26,-1,False
16899,2961,-1,False
16900,2641,-1,False
16901,1064,-1,False
16902,378,-1,False
16903,1013,-1,False
16904,3156,-1,False
16905,468,-1,False
16906,1735,-1,False
16909,2706,-1,False
16935,150,-1,False
16939,3706,-1,False
16940,1189,-1,False
16941,2289,-1,False
16945,1272,-1,False
16968,839,-1,False
17008,318,-1,False
17013,1094,-1,False
17016,778,-1,False
17091,3489,-1,False
17092,317,-1,False
17094,2599,-1,False
17095,1391,-1,False
17096,1200,-1,False
17098,3593,-1,False
17107,2700,-1,False
17108,3550,-1,False
17109,383,-1,False
17111,515,-1,False
17112,3180,-1,False
17113,751,-1,False
17114,3819,-1,False
17115,2359,-1,False
17117,338,-1,False
17119,1682,-1,False
17120,369,-1,False
17121,3836,-1,False
17122,151,-1,False
17123,3769,-1,False
17124,1047,-1,False
17125,2253,-1,False
17126,3524,-1,False
17127,3787,-1,False
17129,2641,-1,False
17130,2952,-1,False
17131,3491,-1,False
17132,2983,-1,False
17133,2458,-1,False
17134,3935,-1,False
17135,2752,-1,False
17136,3385,-1,False
17137,3395,-1,False
17138,3536,-1,False
17139,3704,-1,False
17140,3889,-1,False
17141,3028,-1,False
17142,1207,-1,False
17143,1609,-1,False
17144,2890,-1,False
17145,1197,-1,False
17163,1923,-1,False
17164,2763,-1,False
17165,892,-1,False
17182,69,-1,False
17217,3554,-1,False
17227,126,-1,False
17228,3703,-1,False
17229,3006,-1,False
17286,1092,-1,False
17308,1721,-1,False
17309,788,-1,False
17311,2596,-1,False
17312,736,-1,False
17318,1747,-1,False
17365,3082,-1,False
17366,2719,-1,False
17367,1590,-1,False
17374,783,-1,False
17413,3350,-1,False
17417,170,-1,False
17418,2706,-1,False
17419,1288,-1,False
17420,3889,-1,False
17422,32,-1,False
17423,1136,-1,False
17424,3897,-1,False
17426,2826,-1,False
17427,2599,-1,False
17428,1307,-1,False
17429,3300,-1,False
17463,110,-1,False
17464,3359,-1,False
17465,3438,-1,False
17466,1201,-1,False
17467,1028,-1,False
17468,380,-1,False
17469,2352,-1,False
17470,2324,-1,False
17471,2639,-1,False
17472,2858,-1,False
17473,3683,-1,False
17474,1307,-1,False
17475,3251,-1,False
17476,1721,-1,False
17477,2918,-1,False
17486,1198,-1,False
17487,3578,-1,False
17488,937,-1,False
17489,289,-1,False
17490,3675,-1,False
17494,3490,-1,False
17495,477,-1,False
17496,2022,-1,False
17497,528,-1,False
17516,3310,-1,False
17517,2028,-1,False
17518,1907,-1,False
17519,1370,-1,False
17529,3386,-1,False
17530,2150,-1,False
17538,1257,-1,False
17540,2253,-1,False
17542,1792,-1,False
17543,3717,-1,False
17545,512,-1,False
17546,2027,-1,False
17547,2273,-1,False
17548,2712,-1,False
17549,3745,-1,False
17552,2393,-1,False
17553,2016,-1,False
17554,3635,-1,False
17555,3564,-1,False
17562,2657,-1,False
17563,1089,-1,False
17564,813,-1,False
17565,2391,-1,False
17566,356,-1,False
17572,3113,-1,False
17580,2027,-1,False
17581,2762,-1,False
17608,3268,-1,False
17610,2862,-1,False
17611,3102,-1,False
17612,3635,-1,False
17613,3783,-1,False
17628,3134,-1,False
17629,1344,-1,False
17630,1733,-1,False
17631,2757,-1,False
17662,377,-1,False
17697,2291,-1,False
17699,1210,-1,False
17737,3299,-1,False
17738,3735,-1,False
17739,2574,-1,False
17740,3827,-1,False
17741,802,-1,False
17742,3176,-1,False
17743,266,-1,False
17759,1274,-1,False
17764,2450,-1,False
17766,3155,-1,False
17788,2628,-1,False
17792,3476,-1,False
17797,1258,-1,False
17842,1732,-1,False
17843,2081,-1,False
17844,161,-1,False
17845,2023,-1,False
17846,196,-1,False
17847,3608,-1,False
17848,2316,-1,False
17849,3340,-1,False
17850,319,-1,False
17851,3698,-1,False
17852,434,-1,False
17853,3704,-1,False
17854,648,-1,False
17855,1681,-1,False
17856,3712,-1,False
17857,2889,-1,False
17858,866,-1,False
17859,3125,-1,False
17860,3819,-1,False
17861,3793,-1,False
17862,1799,-1,False
17863,3263,-1,False
17864,3889,-1,False
17865,3481,-1,False
17866,3159,-1,False
17867,3127,-1,False
17868,2411,-1,False
17872,1077,-1,False
17873,2640,-1,False
17911,2759,-1,False
17914,3551,-1,False
17916,457,-1,False
17917,1727,-1,False
17939,3328,-1,False
17941,490,-1,False
17942,39,-1,False
17958,3103,-1,False
17959,1962,-1,False
17965,2762,-1,False
17967,2433,-1,False
17969,3755,-1,False
17970,2671,-1,False
17971,1372,-1,False
17972,1234,-1,False
17998,2858,-1,False
17999,2273,-1,False
18000,3614,-1,False
18001,3859,-1,False
18004,3113,-1,False
18005,1563,-1,False
18006,2649,-1,False
18007,3307,-1,False
18008,1556,-1,False
18057,480,-1,False
18060,880,-1,False
18061,1440,-1,False
18064,2739,-1,False
18065,367,-1,False
18067,1266,-1,False
18068,998,-1,False
18069,3081,-1,False
18070,1678,-1,False
18071,2273,-1,False
18072,225,-1,False
18073,1960,-1,False
18074,3949,-1,False
18075,2609,-1,False
18076,193,-1,False
18077,2504,-1,False
18078,1994,-1,False
18085,2975,-1,False
18124,1620,-1,False
18125,2115,-1,False
18143,1375,-1,False
18155,3176,-1,False
18156,480,-1,False
18157,1704,-1,False
18158,461,-1,False
18159,1797,-1,False
18160,2273,-1,False
18164,8,-1,False
18165,1954,-1,False
18166,3909,-1,False
18167,2789,-1,False
18168,1515,-1,False
18169,1609,-1,False
18171,1608,-1,False
18172,3578,-1,False
18173,2763,-1,False
18174,1566,-1,False
18175,903,-1,False
18176,502,-1,False
18177,3793,-1,False
18178,722,-1,False
18179,3889,-1,False
18180,3877,-1,False
18183,3052,-1,False
18184,1088,-1,False
18185,3861,-1,False
18186,3712,-1,False
18187,2422,-1,False
18196,2386,-1,False
18197,3327,-1,False
18198,3615,-1,False
18217,3325,-1,False
18218,2712,-1,False
18219,455,-1,False
18220,3462,-1,False
18221,3442,-1,False
18222,2001,-1,False
18224,1013,-1,False
18225,1262,-1,False
18252,1097,-1,False
18268,1643,-1,False
18269,2643,-1,False
18270,1956,-1,False
18271,1294,-1,False
18272,435,-1,False
18278,2357,-1,False
18279,1041,-1,False
18280,1963,-1,False
18281,2366,-1,False
18282,3168,-1,False
18283,161,-1,False
